-- phpMyAdmin SQL Dump
-- version 5.2.1
-- https://www.phpmyadmin.net/
--
-- Host: 127.0.0.1
-- Generation Time: Mar 01, 2024 at 06:15 AM
-- Server version: 10.4.32-MariaDB
-- PHP Version: 8.1.25

SET SQL_MODE = "NO_AUTO_VALUE_ON_ZERO";
START TRANSACTION;
SET time_zone = "+00:00";


/*!40101 SET @OLD_CHARACTER_SET_CLIENT=@@CHARACTER_SET_CLIENT */;
/*!40101 SET @OLD_CHARACTER_SET_RESULTS=@@CHARACTER_SET_RESULTS */;
/*!40101 SET @OLD_COLLATION_CONNECTION=@@COLLATION_CONNECTION */;
/*!40101 SET NAMES utf8mb4 */;

--
-- Database: `gallery`
--

-- --------------------------------------------------------

--
-- Table structure for table `album`
--

CREATE TABLE `album` (
  `albumid` int(11) NOT NULL,
  `namaalbum` varchar(255) NOT NULL,
  `deskripsi` text NOT NULL,
  `tanggaldibuat` date NOT NULL,
  `userid` int(11) NOT NULL
) ENGINE=InnoDB DEFAULT CHARSET=utf8mb4 COLLATE=utf8mb4_general_ci;

--
-- Dumping data for table `album`
--

INSERT INTO `album` (`albumid`, `namaalbum`, `deskripsi`, `tanggaldibuat`, `userid`) VALUES
(20, 'Makanan', 'Makanan yang lezat', '2024-02-29', 11),
(21, 'Hewan', 'Macam-macam hewan', '2024-02-29', 11),
(24, 'RPL', 'Teman-teman 12RPL1', '2024-02-29', 13),
(25, 'Wisata', 'Tempat healing', '2024-02-29', 13),
(28, 'Bunga', 'indah', '2024-03-01', 13);

-- --------------------------------------------------------

--
-- Table structure for table `foto`
--

CREATE TABLE `foto` (
  `fotoid` int(11) NOT NULL,
  `judulfoto` varchar(255) NOT NULL,
  `deskripsifoto` text NOT NULL,
  `tanggalunggah` date NOT NULL,
  `lokasifile` varchar(255) NOT NULL,
  `albumid` int(11) NOT NULL,
  `userid` int(11) NOT NULL
) ENGINE=InnoDB DEFAULT CHARSET=utf8mb4 COLLATE=utf8mb4_general_ci;

--
-- Dumping data for table `foto`
--

INSERT INTO `foto` (`fotoid`, `judulfoto`, `deskripsifoto`, `tanggalunggah`, `lokasifile`, `albumid`, `userid`) VALUES
(48, 'Kucingku', 'kucing adalah hewan yang imut', '2024-03-01', '88c5be75-03ef-4c79-a81b-cba9da86a9f2.jpg', 21, 13),
(49, 'Teman-teman', 'Random', '2024-02-29', 'IMG-20231027-WA0031.jpg', 24, 13),
(50, 'Ma\'am', 'Maem inak', '2024-02-29', 'Bakso Reog, Bogor.jpg', 20, 11),
(51, 'Pemandangan', 'Alam yang indah', '2024-02-29', '10 Things The Man Who Invests His Time In Me Should Know.jpg', 25, 11),
(58, 'Bali', 'Wisata', '2024-02-29', '5c72331e-2610-4f25-830e-8597f149ea4a.jpg', 25, 12),
(61, 'Bunga', 'Indah', '2024-03-01', '— unfiltered background_.jpg', 28, 13);

-- --------------------------------------------------------

--
-- Table structure for table `komentarfoto`
--

CREATE TABLE `komentarfoto` (
  `komentarid` int(11) NOT NULL,
  `fotoid` int(11) NOT NULL,
  `userid` int(11) NOT NULL,
  `isikomentar` text NOT NULL,
  `tanggalkomentar` date NOT NULL
) ENGINE=InnoDB DEFAULT CHARSET=utf8mb4 COLLATE=utf8mb4_general_ci;

--
-- Dumping data for table `komentarfoto`
--

INSERT INTO `komentarfoto` (`komentarid`, `fotoid`, `userid`, `isikomentar`, `tanggalkomentar`) VALUES
(42, 48, 11, 'uih', '2024-02-29');

-- --------------------------------------------------------

--
-- Table structure for table `likefoto`
--

CREATE TABLE `likefoto` (
  `likeid` int(11) NOT NULL,
  `fotoid` int(11) NOT NULL,
  `userid` int(11) NOT NULL,
  `tanggallike` date NOT NULL
) ENGINE=InnoDB DEFAULT CHARSET=utf8mb4 COLLATE=utf8mb4_general_ci;

-- --------------------------------------------------------

--
-- Table structure for table `user`
--

CREATE TABLE `user` (
  `userid` int(11) NOT NULL,
  `username` varchar(255) NOT NULL,
  `password` varchar(255) NOT NULL,
  `email` varchar(255) NOT NULL,
  `namalengkap` varchar(255) NOT NULL,
  `alamat` text NOT NULL
) ENGINE=InnoDB DEFAULT CHARSET=utf8mb4 COLLATE=utf8mb4_general_ci;

--
-- Dumping data for table `user`
--

INSERT INTO `user` (`userid`, `username`, `password`, `email`, `namalengkap`, `alamat`) VALUES
(11, 'amrita', '698d51a19d8a121ce581499d7b701668', 'amrita@gmail.com', 'Amrita Nur Fatihah', 'Jember1'),
(12, 'nur', '202cb962ac59075b964b07152d234b70', 'nur@gmail.com', 'Amrita Nur F', 'jember doang'),
(13, 'tata', '202cb962ac59075b964b07152d234b70', 'tata@gmail.com', 'Amrita Nur', 'jember');

--
-- Indexes for dumped tables
--

--
-- Indexes for table `album`
--
ALTER TABLE `album`
  ADD PRIMARY KEY (`albumid`),
  ADD KEY `userid` (`userid`);

--
-- Indexes for table `foto`
--
ALTER TABLE `foto`
  ADD PRIMARY KEY (`fotoid`),
  ADD KEY `albumid` (`albumid`),
  ADD KEY `userid` (`userid`);

--
-- Indexes for table `komentarfoto`
--
ALTER TABLE `komentarfoto`
  ADD PRIMARY KEY (`komentarid`),
  ADD KEY `fotoid` (`fotoid`),
  ADD KEY `userid` (`userid`);

--
-- Indexes for table `likefoto`
--
ALTER TABLE `likefoto`
  ADD PRIMARY KEY (`likeid`),
  ADD KEY `fotoid` (`fotoid`),
  ADD KEY `userid` (`userid`);

--
-- Indexes for table `user`
--
ALTER TABLE `user`
  ADD PRIMARY KEY (`userid`);

--
-- AUTO_INCREMENT for dumped tables
--

--
-- AUTO_INCREMENT for table `album`
--
ALTER TABLE `album`
  MODIFY `albumid` int(11) NOT NULL AUTO_INCREMENT, AUTO_INCREMENT=29;

--
-- AUTO_INCREMENT for table `foto`
--
ALTER TABLE `foto`
  MODIFY `fotoid` int(11) NOT NULL AUTO_INCREMENT, AUTO_INCREMENT=62;

--
-- AUTO_INCREMENT for table `komentarfoto`
--
ALTER TABLE `komentarfoto`
  MODIFY `komentarid` int(11) NOT NULL AUTO_INCREMENT, AUTO_INCREMENT=44;

--
-- AUTO_INCREMENT for table `likefoto`
--
ALTER TABLE `likefoto`
  MODIFY `likeid` int(11) NOT NULL AUTO_INCREMENT, AUTO_INCREMENT=54;

--
-- AUTO_INCREMENT for table `user`
--
ALTER TABLE `user`
  MODIFY `userid` int(11) NOT NULL AUTO_INCREMENT, AUTO_INCREMENT=14;

--
-- Constraints for dumped tables
--

--
-- Constraints for table `album`
--
ALTER TABLE `album`
  ADD CONSTRAINT `album_ibfk_1` FOREIGN KEY (`userid`) REFERENCES `user` (`userid`) ON DELETE CASCADE ON UPDATE CASCADE;

--
-- Constraints for table `foto`
--
ALTER TABLE `foto`
  ADD CONSTRAINT `foto_ibfk_1` FOREIGN KEY (`albumid`) REFERENCES `album` (`albumid`) ON DELETE CASCADE ON UPDATE CASCADE,
  ADD CONSTRAINT `foto_ibfk_2` FOREIGN KEY (`userid`) REFERENCES `user` (`userid`) ON DELETE CASCADE ON UPDATE CASCADE;

--
-- Constraints for table `komentarfoto`
--
ALTER TABLE `komentarfoto`
  ADD CONSTRAINT `komentarfoto_ibfk_1` FOREIGN KEY (`userid`) REFERENCES `user` (`userid`) ON DELETE CASCADE ON UPDATE CASCADE,
  ADD CONSTRAINT `komentarfoto_ibfk_2` FOREIGN KEY (`fotoid`) REFERENCES `foto` (`fotoid`) ON DELETE CASCADE ON UPDATE CASCADE;

--
-- Constraints for table `likefoto`
--
ALTER TABLE `likefoto`
  ADD CONSTRAINT `likefoto_ibfk_1` FOREIGN KEY (`userid`) REFERENCES `user` (`userid`) ON DELETE CASCADE ON UPDATE CASCADE,
  ADD CONSTRAINT `likefoto_ibfk_2` FOREIGN KEY (`fotoid`) REFERENCES `foto` (`fotoid`) ON DELETE CASCADE ON UPDATE CASCADE;
COMMIT;

/*!40101 SET CHARACTER_SET_CLIENT=@OLD_CHARACTER_SET_CLIENT */;
/*!40101 SET CHARACTER_SET_RESULTS=@OLD_CHARACTER_SET_RESULTS */;
/*!40101 SET COLLATION_CONNECTION=@OLD_COLLATION_CONNECTION */;
